{"cameraMode":{"drawMode":0,"name":"Shaded","section":"Shading Mode"},"sceneLighting":true,"audioPlay":false,"sceneViewState":{"showFog":true,"showMaterialUpdate":false,"showSkybox":true,"showFlares":true,"showImageEffects":true,"showParticleSystems":true},"in2DMode":false,"pivot":{"x":0.009815990924835205,"y":1.801598310470581,"z":178.48486328125},"rotation":{"x":-0.0021441529970616104,"y":0.6992119550704956,"z":-0.002099685138091445,"w":-0.714911162853241},"size":3.8084843158721926,"orthographic":false}