{"cameraMode":{"drawMode":0,"name":"Shaded","section":"Shading Mode"},"sceneLighting":false,"audioPlay":false,"sceneViewState":{"showFog":true,"showMaterialUpdate":false,"showSkybox":false,"showFlares":true,"showImageEffects":true,"showParticleSystems":true},"in2DMode":false,"pivot":{"x":1.5568197965621949,"y":0.47012412548065188,"z":4.172039031982422},"rotation":{"x":-0.04254667088389397,"y":0.04494442790746689,"z":0.001914603286422789,"w":0.9980950355529785},"size":2.0519332885742189,"orthographic":false}