{"cameraMode":{"drawMode":0,"name":"Shaded","section":"Shading Mode"},"sceneLighting":true,"audioPlay":false,"sceneViewState":{"showFog":true,"showMaterialUpdate":false,"showSkybox":true,"showFlares":true,"showImageEffects":true,"showParticleSystems":true},"in2DMode":false,"pivot":{"x":0.004194736480712891,"y":1.4894981384277344,"z":0.2382049560546875},"rotation":{"x":-0.02849588170647621,"y":0.006293260958045721,"z":-0.00017929768364410847,"w":-0.9995729327201843},"size":0.822243869304657,"orthographic":false}