{"cameraMode":{"drawMode":0,"name":"Shaded","section":"Shading Mode"},"sceneLighting":true,"audioPlay":false,"sceneViewState":{"showFog":true,"showMaterialUpdate":false,"showSkybox":true,"showFlares":true,"showImageEffects":true,"showParticleSystems":true},"in2DMode":false,"pivot":{"x":0.027402222156524659,"y":0.9787466526031494,"z":0.14655503630638123},"rotation":{"x":-0.09711608290672302,"y":0.2799876630306244,"z":-0.02857508324086666,"w":-0.9547316431999207},"size":0.5245956182479858,"orthographic":false}