{"cameraMode":{"drawMode":0,"name":"Shaded","section":"Shading Mode"},"sceneLighting":true,"audioPlay":false,"sceneViewState":{"showFog":true,"showMaterialUpdate":false,"showSkybox":true,"showFlares":true,"showImageEffects":true,"showParticleSystems":true},"in2DMode":false,"pivot":{"x":0.38097429275512698,"y":1.3335461616516114,"z":178.23927307128907},"rotation":{"x":0.05037674307823181,"y":0.7256192564964294,"z":0.05342891067266464,"w":-0.6841636896133423},"size":3.036264419555664,"orthographic":false}