{"cameraMode":{"drawMode":0,"name":"Shaded","section":"Shading Mode"},"sceneLighting":false,"audioPlay":false,"sceneViewState":{"showFog":true,"showMaterialUpdate":false,"showSkybox":false,"showFlares":true,"showImageEffects":true,"showParticleSystems":true},"in2DMode":false,"pivot":{"x":0.23000004887580872,"y":0.3200000524520874,"z":-21.520000457763673},"rotation":{"x":-0.07044100761413574,"y":0.004473818466067314,"z":-0.0003189477138221264,"w":-0.9974796175956726},"size":1.4289567470550538,"orthographic":false}