{"cameraMode":{"drawMode":0,"name":"Shaded","section":"Shading Mode"},"sceneLighting":true,"audioPlay":false,"sceneViewState":{"showFog":true,"showMaterialUpdate":false,"showSkybox":true,"showFlares":true,"showImageEffects":true,"showParticleSystems":true},"in2DMode":false,"pivot":{"x":1.0939500331878663,"y":1.0568866729736329,"z":0.4242859184741974},"rotation":{"x":0.015999937430024148,"y":0.7222653031349182,"z":0.016663210466504098,"w":-0.6913360953330994},"size":1.724595546722412,"orthographic":false}