{"cameraMode":{"drawMode":0,"name":"Shaded","section":"Shading Mode"},"sceneLighting":false,"audioPlay":false,"sceneViewState":{"showFog":true,"showMaterialUpdate":false,"showSkybox":false,"showFlares":true,"showImageEffects":true,"showParticleSystems":true},"in2DMode":false,"pivot":{"x":-275.8384094238281,"y":0.2510101795196533,"z":183.55172729492188},"rotation":{"x":-0.016903316602110864,"y":0.7335399985313416,"z":-0.0182806346565485,"w":-0.6792958378791809},"size":1109.8897705078125,"orthographic":false}