{"cameraMode":{"drawMode":0,"name":"Shaded","section":"Shading Mode"},"sceneLighting":true,"audioPlay":false,"sceneViewState":{"showFog":true,"showMaterialUpdate":false,"showSkybox":true,"showFlares":true,"showImageEffects":true,"showParticleSystems":true},"in2DMode":false,"pivot":{"x":15.5600004196167,"y":12.520000457763672,"z":0.6599998474121094},"rotation":{"x":0.0017194737447425724,"y":0.7067546844482422,"z":-0.0016730530187487603,"w":0.7075720429420471},"size":21.71709442138672,"orthographic":false}