{"cameraMode":{"drawMode":0,"name":"Shaded","section":"Shading Mode"},"sceneLighting":true,"audioPlay":false,"sceneViewState":{"showFog":true,"showMaterialUpdate":false,"showSkybox":true,"showFlares":true,"showImageEffects":true,"showParticleSystems":true},"in2DMode":false,"pivot":{"x":625.6328735351563,"y":373.09344482421877,"z":310.825439453125},"rotation":{"x":0.005996850784868002,"y":0.001484373235143721,"z":3.1941252132128286e-7,"w":-0.9999638199806213},"size":1273.8466796875,"orthographic":false}