{"cameraMode":{"drawMode":0,"name":"Shaded","section":"Shading Mode"},"sceneLighting":true,"audioPlay":false,"sceneViewState":{"showFog":true,"showMaterialUpdate":false,"showSkybox":true,"showFlares":true,"showImageEffects":true,"showParticleSystems":true},"in2DMode":false,"pivot":{"x":-8.185403823852539,"y":-5.713205337524414,"z":59.25944519042969},"rotation":{"x":-0.1651708334684372,"y":0.6908093690872192,"z":-0.16685765981674195,"w":-0.6838158965110779},"size":80.0402603149414,"orthographic":false}