{"cameraMode":{"drawMode":0,"name":"Shaded","section":"Shading Mode"},"sceneLighting":true,"audioPlay":false,"sceneViewState":{"showFog":true,"showMaterialUpdate":false,"showSkybox":true,"showFlares":true,"showImageEffects":true,"showParticleSystems":true},"in2DMode":false,"pivot":{"x":2.393927812576294,"y":3.1596221923828127,"z":44.1763916015625},"rotation":{"x":0.07881712913513184,"y":-9.414183210765259e-8,"z":6.046879548193829e-7,"w":0.9969012141227722},"size":40.941349029541019,"orthographic":false}