{"cameraMode":{"drawMode":0,"name":"Shaded","section":"Shading Mode"},"sceneLighting":true,"audioPlay":false,"sceneViewState":{"showFog":true,"showMaterialUpdate":false,"showSkybox":true,"showFlares":true,"showImageEffects":true,"showParticleSystems":true},"in2DMode":false,"pivot":{"x":-6.053788185119629,"y":-1.0425965785980225,"z":177.61070251464845},"rotation":{"x":-0.07311948388814926,"y":0.8068493008613586,"z":-0.10220413655042649,"w":-0.5772362947463989},"size":7.420397758483887,"orthographic":false}