{"cameraMode":{"drawMode":0,"name":"Shaded","section":"Shading Mode"},"sceneLighting":true,"audioPlay":false,"sceneViewState":{"showFog":true,"showMaterialUpdate":false,"showSkybox":true,"showFlares":true,"showImageEffects":true,"showParticleSystems":true},"in2DMode":false,"pivot":{"x":-371.6683654785156,"y":0.7009634375572205,"z":328.5361022949219},"rotation":{"x":-0.009484611451625824,"y":0.873146116733551,"z":-0.017039205878973008,"w":-0.48704013228416445},"size":7.311395645141602,"orthographic":false}