{"cameraMode":{"drawMode":0,"name":"Shaded","section":"Shading Mode"},"sceneLighting":true,"audioPlay":false,"sceneViewState":{"showFog":true,"showMaterialUpdate":false,"showSkybox":true,"showFlares":true,"showImageEffects":true,"showParticleSystems":true},"in2DMode":false,"pivot":{"x":-0.11585216224193573,"y":0.1563643217086792,"z":9.555574417114258},"rotation":{"x":-0.07044099271297455,"y":0.004473818000406027,"z":-0.0003189493145328015,"w":-0.9974794983863831},"size":9.843083381652832,"orthographic":false}