{"cameraMode":{"drawMode":0,"name":"Shaded","section":"Shading Mode"},"sceneLighting":true,"audioPlay":false,"sceneViewState":{"showFog":true,"showMaterialUpdate":false,"showSkybox":true,"showFlares":true,"showImageEffects":true,"showParticleSystems":true},"in2DMode":false,"pivot":{"x":-2.8931219577789308,"y":14.945959091186524,"z":85.38446044921875},"rotation":{"x":-0.07851529866456986,"y":-0.017628077417612077,"z":-0.0013640883844345809,"w":0.9968421459197998},"size":90.35323333740235,"orthographic":false}