{"cameraMode":{"drawMode":0,"name":"Shaded","section":"Shading Mode"},"sceneLighting":true,"audioPlay":false,"sceneViewState":{"showFog":true,"showMaterialUpdate":false,"showSkybox":true,"showFlares":true,"showImageEffects":true,"showParticleSystems":true},"in2DMode":false,"pivot":{"x":17.527795791625978,"y":-49.310813903808597,"z":211.29197692871095},"rotation":{"x":-0.11694135516881943,"y":-0.04110632836818695,"z":0.004844066686928272,"w":-0.9922823905944824},"size":223.030517578125,"orthographic":false}