{"cameraMode":{"drawMode":0,"name":"Shaded","section":"Shading Mode"},"sceneLighting":false,"audioPlay":false,"sceneViewState":{"showFog":true,"showMaterialUpdate":false,"showSkybox":false,"showFlares":true,"showImageEffects":true,"showParticleSystems":true},"in2DMode":false,"pivot":{"x":90.0,"y":1.5123100280761719,"z":178.3000030517578},"rotation":{"x":-0.08508787304162979,"y":-0.002994604641571641,"z":-0.0002410541637800634,"w":0.9963880181312561},"size":248.0089874267578,"orthographic":false}