{"cameraMode":{"drawMode":0,"name":"Shaded","section":"Shading Mode"},"sceneLighting":false,"audioPlay":false,"sceneViewState":{"showFog":true,"showMaterialUpdate":false,"showSkybox":false,"showFlares":true,"showImageEffects":true,"showParticleSystems":true},"in2DMode":false,"pivot":{"x":-0.880509614944458,"y":1.9570252895355225,"z":7.494964599609375},"rotation":{"x":0.010162042453885079,"y":0.07402767241001129,"z":0.0007557398057542741,"w":-0.9972125887870789},"size":19.816123962402345,"orthographic":false}