{"cameraMode":{"drawMode":0,"name":"Shaded","section":"Shading Mode"},"sceneLighting":true,"audioPlay":false,"sceneViewState":{"showFog":true,"showMaterialUpdate":false,"showSkybox":true,"showFlares":true,"showImageEffects":true,"showParticleSystems":true},"in2DMode":false,"pivot":{"x":1.2633733749389649,"y":22.32265853881836,"z":206.93276977539063},"rotation":{"x":-0.047672491520643237,"y":0.0014930543256923557,"z":0.00009097505972022191,"w":0.9988840222358704},"size":219.860595703125,"orthographic":false}