{"cameraMode":{"drawMode":0,"name":"Shaded","section":"Shading Mode"},"sceneLighting":false,"audioPlay":false,"sceneViewState":{"showFog":true,"showMaterialUpdate":false,"showSkybox":false,"showFlares":true,"showImageEffects":true,"showParticleSystems":true},"in2DMode":false,"pivot":{"x":-5.008540153503418,"y":1.5866608619689942,"z":6.64080810546875},"rotation":{"x":0.013009262271225453,"y":0.16482989490032197,"z":0.0021756147034466268,"w":-0.986242413520813},"size":20.816448211669923,"orthographic":false}