{"cameraMode":{"drawMode":0,"name":"Shaded","section":"Shading Mode"},"sceneLighting":true,"audioPlay":false,"sceneViewState":{"showFog":true,"showMaterialUpdate":false,"showSkybox":true,"showFlares":true,"showImageEffects":true,"showParticleSystems":true},"in2DMode":false,"pivot":{"x":15.009197235107422,"y":18.91897964477539,"z":77.47541809082031},"rotation":{"x":0.050587914884090427,"y":-0.056299787014722827,"z":-0.0028562184888869526,"w":-0.9971278309822083},"size":85.97858428955078,"orthographic":false}