{"cameraMode":{"drawMode":0,"name":"Shaded","section":"Shading Mode"},"sceneLighting":false,"audioPlay":false,"sceneViewState":{"showFog":true,"showMaterialUpdate":false,"showSkybox":false,"showFlares":true,"showImageEffects":true,"showParticleSystems":true},"in2DMode":false,"pivot":{"x":-275.79998779296877,"y":0.5861021280288696,"z":189.39500427246095},"rotation":{"x":-0.11694135516881943,"y":-0.04110632836818695,"z":0.004844066686928272,"w":-0.9922823905944824},"size":1081.5631103515625,"orthographic":false}