{"cameraMode":{"drawMode":0,"name":"Shaded","section":"Shading Mode"},"sceneLighting":false,"audioPlay":false,"sceneViewState":{"showFog":true,"showMaterialUpdate":false,"showSkybox":false,"showFlares":true,"showImageEffects":true,"showParticleSystems":true},"in2DMode":false,"pivot":{"x":-0.35833868384361269,"y":1.70466947555542,"z":0.1849207878112793},"rotation":{"x":-0.07822507619857788,"y":-0.01136722695082426,"z":0.000891606614459306,"w":-0.9968765377998352},"size":6.482160568237305,"orthographic":false}