{"cameraMode":{"drawMode":0,"name":"Shaded","section":"Shading Mode"},"sceneLighting":true,"audioPlay":false,"sceneViewState":{"showFog":true,"showMaterialUpdate":false,"showSkybox":true,"showFlares":true,"showImageEffects":true,"showParticleSystems":true},"in2DMode":false,"pivot":{"x":-1.2869149446487427,"y":9.062424659729004,"z":39.3090934753418},"rotation":{"x":-0.04679098352789879,"y":0.009588275104761124,"z":-0.00044747014180757105,"w":-0.9988673329353333},"size":50.43331527709961,"orthographic":false}