{"cameraMode":{"drawMode":0,"name":"Shaded","section":"Shading Mode"},"sceneLighting":true,"audioPlay":false,"sceneViewState":{"showFog":true,"showMaterialUpdate":false,"showSkybox":true,"showFlares":true,"showImageEffects":true,"showParticleSystems":true},"in2DMode":false,"pivot":{"x":-110.0616226196289,"y":-64.17276000976563,"z":809.7674560546875},"rotation":{"x":0.042197421193122867,"y":-0.06888921558856964,"z":0.0029203074518591167,"w":0.9967416524887085},"size":805.04833984375,"orthographic":false}